學門,employed_n,contributors_n,mean_salary,b00,b01,b02,b03,b04,b05,b06,b07,b08,b09,b10,b11,b12,P25,P50,P75,風險指標
合計,766404,696255,47446,22,87837,135569,88736,104466,66207,47073,32482,56032,19014,21359,11680,25778,33179,41721,54180,0.503
教育學門,13065,11406,44453,2,1229,2155,1496,2039,1322,1186,682,760,169,172,56,138,33760,42013,51313,0.418
藝術學門,56037,48001,37024,1,10639,15542,8475,6443,2812,1594,821,949,241,220,86,178,30438,34298,41043,0.309
人文學門,6137,5390,40122,0,791,1376,977,1010,505,265,122,185,53,49,22,35,32022,37702,44448,0.33
語文學門,42027,38612,39083,1,6049,11017,7048,6460,3269,1922,1057,1066,235,232,82,174,31635,36588,43749,0.331
社會及行為科學學門,19759,18253,45192,4,1457,2954,2462,3913,2600,1812,980,1132,293,281,103,262,35301,42874,50827,0.362
新聞學及圖書資訊學門,10255,9433,40135,0,1146,2532,1895,1754,830,451,254,329,73,69,34,66,32394,37740,44281,0.315
商業及管理學門,155209,139800,46527,4,17744,29297,19650,22176,14098,9152,5775,8612,3064,2995,1409,5824,32936,40723,51028,0.444
法律學門,9028,8317,49397,0,717,1529,990,1214,745,735,541,892,301,206,115,332,34455,43799,57844,0.534
生命科學學門,13223,12080,43927,1,1572,2578,1654,2393,1411,642,369,677,206,201,101,275,32806,40491,48055,0.377
環境學門,1512,1385,44416,0,161,268,191,245,175,110,61,82,28,31,13,20,33456,41480,49964,0.398
物理、化學及地球科學學門,9605,9282,63951,0,352,600,531,984,758,725,579,1609,667,990,598,889,44256,60696,81581,0.615
數學及統計學門,6647,6235,48473,1,564,929,729,995,710,595,412,654,225,216,68,137,35444,44495,56860,0.481
資訊通訊科技學門,55000,51643,52148,2,5020,8433,5621,7058,4863,4006,2815,5205,1960,2152,1371,3137,34677,44779,61756,0.605
工程及工程業學門,135388,127846,58524,2,9901,12785,10611,14713,11086,10135,8090,17032,6982,9868,6053,10588,39370,52380,72191,0.627
製造及加工學門,6702,6091,39807,0,983,1661,1018,1102,541,263,171,162,43,60,38,49,31625,36972,44112,0.338
建築及營建工程學門,19927,18425,46962,0,2226,2410,1966,2882,2812,1970,1204,1553,415,432,203,352,34938,44529,53865,0.425
農業學門,5212,4610,41923,0,703,1004,650,843,576,284,154,204,49,58,31,54,32239,39600,47235,0.379
林業學門,1250,1139,39339,0,173,317,177,199,122,62,37,38,3,7,1,3,31763,37246,44705,0.347
漁業學門,1414,1221,39649,0,199,311,201,231,127,63,25,40,7,8,0,9,31708,37500,44432,0.339
獸醫學門,1112,999,44290,0,145,170,117,142,139,111,51,66,18,25,2,13,33081,42377,51633,0.438
醫藥衛生學門,81324,75698,51893,0,6301,9374,6386,9922,8731,7021,6075,12369,3375,2523,1049,2572,37544,48359,62396,0.514
社會福利學門,28011,25574,39490,1,2538,6393,4599,7474,2553,936,387,406,115,72,24,76,33015,39191,43779,0.275
餐旅及民生服務學門,79341,66363,37315,3,16302,20316,10194,8867,4428,2324,1321,1447,349,315,142,355,30070,34153,41668,0.34
衛生及職業衛生服務學門,1604,1482,43631,0,173,268,203,262,206,145,71,94,18,26,3,13,33685,41851,49988,0.39
安全服務學門,940,801,39157,0,192,195,104,129,73,32,21,31,13,6,0,5,30212,35649,44254,0.394
運輸服務學門,6275,5856,47573,0,511,1111,755,971,677,506,395,415,110,134,73,198,34289,42837,53626,0.451
其他學門,400,313,50812,0,49,44,36,45,38,26,12,23,2,11,3,24,33324,43056,54375,0.489
